model,mae,mape,train_rows,test_rows
Random Forest,2.091789444369438,144319401.08569646,27496,6874
