Model,MAE,MAPE,WMAPE
Random Forest,2.088085296506503,13056277731.528708,35.075261053188264
XGBoost,2.1172256469726562,16898871446.220928,35.564753017581445
Baseline (lag_1),3.706720977596741,42289787634.65521,62.26479644201163
Ridge,4.086859246192969,158686619442.42374,68.65028702978952
